{
  "paths": {
    "hpc": "results/local_hybrid/0/checkpoints/epoch36.pth",
    "classic": "results/standart_network"
  },
  "clean": {
    "fc": {
      "T": 1.9369049072265625,
      "acc": 0.965399980545044,
      "loss": 0.11174498498439789,
      "mean_prob_correct": 0.9740614891052246,
      "mean_prob_incorrect": 0.7041747570037842,
      "mean_entropy": 0.11137028783559799
    },
    "hpc": {
      "hybrid": {
        "T": 0.09396301209926605,
        "acc": 0.8568000197410583,
        "loss": 0.47251269221305847,
        "mean_prob_correct": 0.8964664936065674,
        "mean_prob_incorrect": 0.5927824974060059,
        "mean_entropy": 0.47068682312965393
      },
      "pc": {
        "T": 0.04173235222697258,
        "acc": 0.8460000157356262,
        "loss": 0.481476366519928,
        "mean_prob_correct": 0.8905456066131592,
        "mean_prob_incorrect": 0.5821869969367981,
        "mean_entropy": 0.47997960448265076
      },
      "amort": {
        "T": 0.07481411844491959,
        "acc": 0.847100019454956,
        "loss": 0.4986990690231323,
        "mean_prob_correct": 0.8899821043014526,
        "mean_prob_incorrect": 0.5898502469062805,
        "mean_entropy": 0.49761855602264404
      }
    }
  },
  "noise": {
    "fc": {
      "0.0": {
        "T": 1.9363211393356323,
        "acc": 0.965399980545044,
        "loss": 0.11174510419368744,
        "mean_prob_correct": 0.974076509475708,
        "mean_prob_incorrect": 0.704245924949646,
        "mean_entropy": 0.11130323261022568
      },
      "0.05": {
        "T": 2.041903018951416,
        "acc": 0.9519000053405762,
        "loss": 0.14923757314682007,
        "mean_prob_correct": 0.9661413431167603,
        "mean_prob_incorrect": 0.6806573271751404,
        "mean_entropy": 0.14954353868961334
      },
      "0.1": {
        "T": 2.3199353218078613,
        "acc": 0.9068999886512756,
        "loss": 0.29192081093788147,
        "mean_prob_correct": 0.9302384257316589,
        "mean_prob_incorrect": 0.6653696894645691,
        "mean_entropy": 0.2931462824344635
      },
      "0.2": {
        "T": 3.52756667137146,
        "acc": 0.6801999807357788,
        "loss": 0.9630220532417297,
        "mean_prob_correct": 0.7461344003677368,
        "mean_prob_incorrect": 0.5358717441558838,
        "mean_entropy": 0.9607271552085876
      },
      "0.3": {
        "T": 5.317031383514404,
        "acc": 0.462799996137619,
        "loss": 1.598401665687561,
        "mean_prob_correct": 0.5174611806869507,
        "mean_prob_incorrect": 0.3923792839050293,
        "mean_entropy": 1.5957354307174683
      }
    },
    "hpc": {
      "hybrid": {
        "0.0": {
          "T": 0.09399903565645218,
          "acc": 0.8568000197410583,
          "loss": 0.47251200675964355,
          "mean_prob_correct": 0.8963999152183533,
          "mean_prob_incorrect": 0.5926625728607178,
          "mean_entropy": 0.4709605574607849
        },
        "0.05": {
          "T": 0.10738925635814667,
          "acc": 0.8080000281333923,
          "loss": 0.6235722899436951,
          "mean_prob_correct": 0.8584814071655273,
          "mean_prob_incorrect": 0.5628383755683899,
          "mean_entropy": 0.622154951095581
        },
        "0.1": {
          "T": 0.13869529962539673,
          "acc": 0.7132999897003174,
          "loss": 0.9250645637512207,
          "mean_prob_correct": 0.7731297612190247,
          "mean_prob_incorrect": 0.513085126876831,
          "mean_entropy": 0.9227542877197266
        },
        "0.2": {
          "T": 0.24351155757904053,
          "acc": 0.48829999566078186,
          "loss": 1.544410228729248,
          "mean_prob_correct": 0.5456032752990723,
          "mean_prob_incorrect": 0.4049087166786194,
          "mean_entropy": 1.5413450002670288
        },
        "0.3": {
          "T": 0.41766563057899475,
          "acc": 0.3449999988079071,
          "loss": 1.9119367599487305,
          "mean_prob_correct": 0.3743075132369995,
          "mean_prob_incorrect": 0.3054993450641632,
          "mean_entropy": 1.9098503589630127
        }
      },
      "pc": {
        "0.0": {
          "T": 0.041724711656570435,
          "acc": 0.8472999930381775,
          "loss": 0.48193755745887756,
          "mean_prob_correct": 0.8896650075912476,
          "mean_prob_incorrect": 0.5841913223266602,
          "mean_entropy": 0.4796982407569885
        },
        "0.05": {
          "T": 0.042860399931669235,
          "acc": 0.8414000272750854,
          "loss": 0.5036706328392029,
          "mean_prob_correct": 0.8836740255355835,
          "mean_prob_incorrect": 0.5797778964042664,
          "mean_entropy": 0.5017790198326111
        },
        "0.1": {
          "T": 0.04452642798423767,
          "acc": 0.8248999714851379,
          "loss": 0.5550984740257263,
          "mean_prob_correct": 0.8699501156806946,
          "mean_prob_incorrect": 0.5736397504806519,
          "mean_entropy": 0.553307056427002
        },
        "0.2": {
          "T": 0.0521550215780735,
          "acc": 0.7368000149726868,
          "loss": 0.8127631545066833,
          "mean_prob_correct": 0.7978906035423279,
          "mean_prob_incorrect": 0.5356143116950989,
          "mean_entropy": 0.8112167716026306
        },
        "0.3": {
          "T": 0.08103954046964645,
          "acc": 0.5663999915122986,
          "loss": 1.2988040447235107,
          "mean_prob_correct": 0.6414641737937927,
          "mean_prob_incorrect": 0.43846672773361206,
          "mean_entropy": 1.3021248579025269
        }
      },
      "amort": {
        "0.0": {
          "T": 0.07471857219934464,
          "acc": 0.847100019454956,
          "loss": 0.4987010657787323,
          "mean_prob_correct": 0.8902149796485901,
          "mean_prob_incorrect": 0.5902488827705383,
          "mean_entropy": 0.4966823160648346
        },
        "0.05": {
          "T": 0.10900918394327164,
          "acc": 0.7128999829292297,
          "loss": 0.9081827998161316,
          "mean_prob_correct": 0.7794701457023621,
          "mean_prob_incorrect": 0.5113407373428345,
          "mean_entropy": 0.9068482518196106
        },
        "0.1": {
          "T": 0.20250456035137177,
          "acc": 0.5027999877929688,
          "loss": 1.5115478038787842,
          "mean_prob_correct": 0.5653334856033325,
          "mean_prob_incorrect": 0.40638577938079834,
          "mean_entropy": 1.5089819431304932
        },
        "0.2": {
          "T": 0.4794759750366211,
          "acc": 0.2856000065803528,
          "loss": 2.019584894180298,
          "mean_prob_correct": 0.3125423192977905,
          "mean_prob_incorrect": 0.2684440612792969,
          "mean_entropy": 2.022799015045166
        },
        "0.3": {
          "T": 0.9205506443977356,
          "acc": 0.20180000364780426,
          "loss": 2.190535068511963,
          "mean_prob_correct": 0.2097519487142563,
          "mean_prob_incorrect": 0.19452887773513794,
          "mean_entropy": 2.1932783126831055
        }
      }
    }
  },
  "occlusion": {
    "fc": {
      "8": {
        "T": 2.9699463844299316,
        "acc": 0.792900025844574,
        "loss": 0.6245673298835754,
        "mean_prob_correct": 0.8445830941200256,
        "mean_prob_incorrect": 0.6026050448417664,
        "mean_entropy": 0.6227395534515381
      },
      "14": {
        "T": 5.60496711730957,
        "acc": 0.45809999108314514,
        "loss": 1.6317930221557617,
        "mean_prob_correct": 0.4990431070327759,
        "mean_prob_incorrect": 0.3905888795852661,
        "mean_entropy": 1.627928376197815
      },
      "20": {
        "T": 37.563446044921875,
        "acc": 0.15780000388622284,
        "loss": 2.283304214477539,
        "mean_prob_correct": 0.13318079710006714,
        "mean_prob_incorrect": 0.13214239478111267,
        "mean_entropy": 2.2821202278137207
      }
    },
    "hpc": {
      "hybrid": {
        "8": {
          "T": 0.09514406323432922,
          "acc": 0.8026000261306763,