{"batch_idx": [110, 220, 330, 440, 550, 660, 770, 880, 990, 1100, 1210, 1320, 1430, 1540, 1650, 1760, 1870, 1980, 2090, 2200, 2310, 2420, 2530, 2640, 2750, 2860, 2970, 3080, 3190, 3300, 3410, 3520, 3630, 3740], "hybrid_acc": [0.5381170382165605, 0.7710987261146497, 0.8110071656050956, 0.8213574840764332, 0.8282245222929936, 0.8296178343949044, 0.8294187898089171, 0.8301154458598726, 0.8305135350318471, 0.8310111464968153, 0.8335987261146497, 0.8338972929936306, 0.8349920382165605, 0.8362858280254777, 0.8370820063694268, 0.8379777070063694, 0.837281050955414, 0.8378781847133758, 0.8375796178343949, 0.839171974522293, 0.8408638535031847, 0.841859076433121, 0.8422571656050956, 0.84265525477707, 0.8447452229299363, 0.8435509554140127, 0.8431528662420382, 0.8439490445859873, 0.8466361464968153, 0.8491242038216561, 0.8504179936305732, 0.8497213375796179, 0.8515127388535032, 0.850218949044586], "pc_acc": [0.5303542993630573, 0.7660230891719745, 0.8067277070063694, 0.8200636942675159, 0.8282245222929936, 0.8301154458598726, 0.8297173566878981, 0.8312101910828026, 0.8314092356687898, 0.8318073248407644, 0.8326035031847133, 0.8349920382165605, 0.8368829617834395, 0.8367834394904459, 0.8377786624203821, 0.8381767515923567, 0.8378781847133758, 0.8386743630573248, 0.8386743630573248, 0.8403662420382165, 0.841062898089172, 0.8444466560509554, 0.8432523885350318, 0.8433519108280255, 0.8447452229299363, 0.8428542993630573, 0.8432523885350318, 0.8454418789808917, 0.8477308917197452, 0.8491242038216561, 0.8511146496815286, 0.849422770700637, 0.8517117834394905, 0.850218949044586], "amort_acc": [0.11873009554140128, 0.2780652866242038, 0.3469347133757962, 0.39052547770700635, 0.45063694267515925, 0.5150278662420382, 0.5557324840764332, 0.5982285031847133, 0.6429140127388535, 0.6649084394904459, 0.6894904458598726, 0.7080015923566879, 0.7378582802547771, 0.7534832802547771, 0.7734872611464968, 0.78234474522293, 0.790406050955414, 0.7974721337579618, 0.7990644904458599, 0.8077229299363057, 0.8152866242038217, 0.8226512738853503, 0.8266321656050956, 0.8283240445859873, 0.8332006369426752, 0.8341958598726115, 0.8350915605095541, 0.8408638535031847, 0.8393710191082803, 0.8469347133757962, 0.8482285031847133, 0.8500199044585988, 0.8545979299363057, 0.8533041401273885], "pc_losses": [18664.562846235796, 11800.455353338068, 9197.268279474432, 7898.590740411932, 7135.809135298296, 6636.844273792613, 6246.155743963068, 5832.346253551136, 5564.753595525568, 5352.45225053267, 5192.73427734375, 5003.818186257102, 4814.126646839489, 4670.89237837358, 4545.867697975852, 4415.46064897017, 4262.9063054865055, 4127.429840642756, 4026.8719948508524, 3968.673448597301, 3829.297478693182, 3731.5301313920454, 3658.871400035511, 3571.4550736860797, 3449.1779541015626, 3376.998317649148, 3279.1718106356534, 3229.5978648792616, 3165.2082386363636, 3035.3020840731533, 2988.9686745383524, 2924.357379705256, 2866.506243341619, 2759.734705699574], "pc_errs": [32764.86083984375, 23480.633509410512, 19223.723299893467, 16938.125221946022, 15513.69266912287, 14578.727268288352, 13815.931613991477, 13007.398757102274, 12446.642765669389, 12047.184201882103, 11723.015937943892, 11334.010358220881, 10942.477101828836, 10665.414466441762, 10402.92412553267, 10141.436882990058, 9809.883744673296, 9522.808035555752, 9360.28085493608, 9241.523585094104, 8966.309495960582, 8756.075437233665, 8618.811206054688, 8431.13280806108, 8183.702081853693, 8007.821386163885, 7843.29658092152, 7746.786048473012, 7618.149253151633, 7363.727585671165, 7264.359310635654, 7129.826837713068, 7020.4058837890625, 6778.826731178977], "amort_losses": [292.1816155173562, 215.72016379616477, 184.10761788108132, 162.71438432173295, 149.25939885919743, 138.52823895541104, 130.19454158436167, 122.56998048262163, 116.13412628173828, 113.06052065762607, 110.40678801103071, 107.45437538840554, 104.61072845458985, 103.02174093073064, 100.54609839699485, 98.91745980002663, 95.3615104675293, 93.7490835016424, 94.40186143354936, 93.98494574806907, 92.46959561434659, 92.1532243902033, 91.71469560102983, 90.55039825439454, 89.40673571499912, 86.39216086647727, 87.41731775457208, 88.41290373368697, 87.48624850186435, 87.1755221973766, 87.43104726617986, 87.01405181884766, 86.42827682495117, 83.27501373291015], "amort_errs": [33766.438140730424, 26005.60792125355, 21759.734326865455, 18934.236627752132, 17187.494426380505, 15843.856426100298, 14797.314942862771, 13751.05081766302, 12970.491388355602, 12330.692312205922, 11841.018413543701, 11293.539400690252, 10842.534438948198, 10407.675132265958, 10060.986854345148, 9695.27921850031, 9297.664167161422, 8924.625082258744, 8694.395609214089, 8503.781427903608, 8179.78623490767, 7948.646921123158, 7741.77416603782, 7517.945901627974, 7248.235044930198, 7050.260446999289, 6846.734935829856, 6718.089452916925, 6557.244740156694, 6323.47223295732, 6180.1570659984245, 6038.1843232588335, 5907.9147125937725, 5680.570086531206], "num_train_iters": [299.0, 299.0, 299.0, 299.0, 299.0, 299.0, 299.0, 299.0, 299.0, 299.0, 299.0, 299.0, 299.0, 299.0, 299.0, 299.0, 299.0, 299.0, 299.0, 299.0, 299.0, 299.0, 299.0, 299.0, 299.0, 299.0, 299.0, 299.0, 299.0, 299.0, 299.0, 299.0, 299.0, 299.0], "num_test_iters": [299.0, 299.0, 299.0, 299.0, 299.0, 299.0, 299.0, 299.0, 299.0, 299.0, 299.0, 299.0, 299.0, 299.0, 299.0, 299.0, 299.0, 299.0, 299.0, 299.0, 299.0, 299.0, 299.0, 299.0, 299.0, 297.49044585987264, 297.35668789808915, 297.30573248407643, 297.26751592356686, 297.2484076433121, 297.22929936305735, 297.21019108280257, 297.20382165605093, 297.1910828025478], "num_test_iters_pc": [299.0, 299.0, 299.0, 299.0, 299.0, 299.0, 299.0, 299.0, 299.0, 299.0, 299.0, 299.0, 299.0, 299.0, 299.0, 299.0, 299.0, 299.0, 299.0, 299.0, 299.0, 299.0, 299.0, 299.0, 299.0, 297.5859872611465, 297.38853503184714, 297.3312101910828, 297.2929936305732, 297.2738853503185, 297.2547770700637, 297.2420382165605, 297.22929936305735, 297.2229299363057], "init_errs": [0.11316343915839096, 0.08843144635641094, 0.07480844058759435, 0.0658084055069425, 0.06035564813169188, 0.05624370660090165, 0.053007497755810366, 0.049764707877807464, 0.047353314221806116, 0.04542578919564463, 0.04396736316221174, 0.04226998997037587, 0.04084162132149249, 0.03952037122666912, 0.03843938577489948, 0.03728044083162169, 0.03597523124806194, 0.034739100920433454, 0.034026691431405236, 0.03348038641228944, 0.03237331817375785, 0.03161119195666234, 0.030956032861676575, 0.030205090872158842, 0.029276990612443505, 0.028600024904394693, 0.027921096519768568, 0.027494524480534105, 0.02695888312584513, 0.026110850530810338, 0.025649857663080155, 0.025154173153871924, 0.024724901355887955, 0.02387857599821534], "final_errs": [0.050501955719998895, 0.03619175798017601, 0.029630390545841864, 0.02610749528648369, 0.023911953237322234, 0.022470848954795966, 0.021295117657019108, 0.02004888954891346, 0.019184571083240943, 0.018568867607527465, 0.018069212461996425, 0.017469620641416682, 0.016866132798942075, 0.016439083680303102, 0.016034495495469484, 0.015631453431327, 0.01512041564630647, 0.014677932926144534, 0.014427422462539276, 0.014244376533783363, 0.01382017666274227, 0.013496133439224248, 0.013284561897418388, 0.012995284729680569, 0.012613908607261736, 0.01234281576944543, 0.012089226277037539, 0.011940470246604436, 0.011742196560259864, 0.01135004498518947, 0.011196884187396196, 0.010989523227627477, 0.010820867783097397, 0.010448510954615055]}